selector,occurrences,file_count,categories,domains,risk_score,files
:root,30,23,component-shared | entry-orchestrator | legacy-split | other | runtime-override,"Buttons | Dashboard, Charts | Forms/Inputs | General/System | Modals",12,index.css | styles/components/unified-buttons.css | styles/components/unified-fields.css | styles/global.css | styles/legacy/01-legacy-app-base-and-loaders.css | styles/legacy/07b-legacy-premium-button-unification.css | styles/legacy/08a-legacy-global-field-system.css | styles/legacy/08b-legacy-global-card-section-system.css | styles/legacy/08c-legacy-global-table-row-actions.css | styles/legacy/09a-legacy-global-modal-drawer-unification.css | styles/legacy/09b-legacy-global-toast-alert-status.css | styles/legacy/09c-legacy-global-nav-sidebar-topbar.css | styles/legacy/09d-legacy-global-charts-kpi-dashboard.css | styles/legacy/10a-legacy-final-shell-cohesion.css | styles/runtime-overrides/01b-people-foundation-after-fields.css
.ux-btn__content,7,7,component-shared | legacy-split | runtime-override,"Buttons | People, Forms/Inputs | Reports, Sales/Cart, Buttons, Filters",11,styles/components/unified-buttons.css | styles/legacy/02g-legacy-ux-button-core-loading.css | styles/legacy/05a-legacy-button-icon-baseline.css | styles/legacy/05d-legacy-report-filter-sales-mobile-buttons.css | styles/legacy/07b-legacy-premium-button-unification.css | styles/runtime-overrides/01a7-shared-primitives-button-system.css | styles/runtime-overrides/01b-people-foundation-after-fields.css
".phone-edit-horizontal-form .phone-identity-block--edit .phone-identity-block__grid, .phone-edit-horizontal-form .phone-finance-block--edit .phone-finance-block__grid",6,3,component-shared | legacy-split | runtime-override,"Forms/Inputs | Mobile Phones | Mobile Phones, Modals",11,styles/components/unified-fields.css | styles/legacy/10f-legacy-phone-edit-horizontal-modal.css | styles/runtime-overrides/10a-installments-phone-edit-overrides.css
".installment-form-page .installment-clean-select, .installment-form-page select.installment-clean-select",5,3,component-shared | legacy-split | runtime-override,Forms/Inputs | Mobile Phones,11,styles/components/unified-fields.css | styles/legacy/10e-legacy-installment-combobox-phone-edit-vertical.css | styles/runtime-overrides/10a-installments-phone-edit-overrides.css
100%,17,8,core-foundation | legacy-split | runtime-override,Buttons | Forms/Inputs | General/System | Tables,10,styles/core/animations.css | styles/core/utilities.css | styles/legacy/01-legacy-app-base-and-loaders.css | styles/legacy/02g-legacy-ux-button-core-loading.css | styles/legacy/03g-legacy-dark-tables-loading-progress.css | styles/legacy/04c-legacy-motion-focus-accessibility.css | styles/legacy/04d-legacy-field-attention-page-actions.css | styles/runtime-overrides/06a-enterprise-actions-fields-validation.css
0%,14,7,core-foundation | legacy-split | runtime-override,Buttons | Forms/Inputs | General/System,10,styles/core/animations.css | styles/core/utilities.css | styles/legacy/01-legacy-app-base-and-loaders.css | styles/legacy/02g-legacy-ux-button-core-loading.css | styles/legacy/04c-legacy-motion-focus-accessibility.css | styles/legacy/04d-legacy-field-attention-page-actions.css | styles/runtime-overrides/06a-enterprise-actions-fields-validation.css
#telegram-settings-form .telegram-monitor-v2-action,10,6,runtime-override,"Telegram | Telegram, Filters",10,styles/runtime-overrides/09b-telegram-control-center-monitoring.css | styles/runtime-overrides/09c-telegram-template-center-cards.css | styles/runtime-overrides/09d1-telegram-studio-filter-controls.css | styles/runtime-overrides/09d3-telegram-monitor-title-value-layout.css | styles/runtime-overrides/09d7-telegram-monitor-card-standard.css | styles/runtime-overrides/09d8-telegram-monitor-size-placement-contract.css
#telegram-settings-form .telegram-monitor-v2-actions-grid,9,4,runtime-override,"Telegram | Telegram, Filters",9,styles/runtime-overrides/09b-telegram-control-center-monitoring.css | styles/runtime-overrides/09d1-telegram-studio-filter-controls.css | styles/runtime-overrides/09d7-telegram-monitor-card-standard.css | styles/runtime-overrides/09d8-telegram-monitor-size-placement-contract.css
#telegram-settings-form .telegram-template-mode-buttons,9,3,runtime-override,"Telegram | Telegram, Filters",9,styles/runtime-overrides/09c-telegram-template-center-cards.css | styles/runtime-overrides/09d1-telegram-studio-filter-controls.css | styles/runtime-overrides/09d2-telegram-studio-search-empty-states.css
.phone-table-action-btn,8,3,runtime-override,"General/System | Modals, Products",9,styles/runtime-overrides/06e-accessibility-rtl-targeted-fixes.css | styles/runtime-overrides/07a-products-modal-precision-cleanup.css | styles/runtime-overrides/07b-products-modal-responsive-polish.css
#telegram-settings-form .telegram-monitor-v2-action__value,8,6,runtime-override,"Telegram | Telegram, Filters",9,styles/runtime-overrides/09b-telegram-control-center-monitoring.css | styles/runtime-overrides/09c-telegram-template-center-cards.css | styles/runtime-overrides/09d1-telegram-studio-filter-controls.css | styles/runtime-overrides/09d3-telegram-monitor-title-value-layout.css | styles/runtime-overrides/09d7-telegram-monitor-card-standard.css | styles/runtime-overrides/09d8-telegram-monitor-size-placement-contract.css
#telegram-settings-form .telegram-monitor-v2-action__copy,8,5,runtime-override,"Telegram | Telegram, Filters",9,styles/runtime-overrides/09c-telegram-template-center-cards.css | styles/runtime-overrides/09d1-telegram-studio-filter-controls.css | styles/runtime-overrides/09d3-telegram-monitor-title-value-layout.css | styles/runtime-overrides/09d7-telegram-monitor-card-standard.css | styles/runtime-overrides/09d8-telegram-monitor-size-placement-contract.css
.premium-modal-shell .premium-form-grid,7,2,runtime-override,"Modals, Products",9,styles/runtime-overrides/07a-products-modal-precision-cleanup.css | styles/runtime-overrides/07b-products-modal-responsive-polish.css
#telegram-settings-form .telegram-monitor-v2-action__icon,7,6,runtime-override,"Telegram | Telegram, Filters",9,styles/runtime-overrides/09b-telegram-control-center-monitoring.css | styles/runtime-overrides/09c-telegram-template-center-cards.css | styles/runtime-overrides/09d1-telegram-studio-filter-controls.css | styles/runtime-overrides/09d3-telegram-monitor-title-value-layout.css | styles/runtime-overrides/09d7-telegram-monitor-card-standard.css | styles/runtime-overrides/09d8-telegram-monitor-size-placement-contract.css
#telegram-settings-form .telegram-monitor-v2-action__state,7,6,runtime-override,"Telegram | Telegram, Filters",9,styles/runtime-overrides/09b-telegram-control-center-monitoring.css | styles/runtime-overrides/09c-telegram-template-center-cards.css | styles/runtime-overrides/09d1-telegram-studio-filter-controls.css | styles/runtime-overrides/09d3-telegram-monitor-title-value-layout.css | styles/runtime-overrides/09d7-telegram-monitor-card-standard.css | styles/runtime-overrides/09d8-telegram-monitor-size-placement-contract.css
#telegram-settings-form .telegram-monitor-v2-action__label,7,5,runtime-override,"Telegram | Telegram, Filters",9,styles/runtime-overrides/09c-telegram-template-center-cards.css | styles/runtime-overrides/09d1-telegram-studio-filter-controls.css | styles/runtime-overrides/09d3-telegram-monitor-title-value-layout.css | styles/runtime-overrides/09d7-telegram-monitor-card-standard.css | styles/runtime-overrides/09d8-telegram-monitor-size-placement-contract.css
.phone-addable-autocomplete__menu,6,3,runtime-override,"Mobile Phones | People, Forms/Inputs | Reports, Settings",9,styles/runtime-overrides/01b-people-foundation-after-fields.css | styles/runtime-overrides/03b-reports-mobile-settings-smoke.css | styles/runtime-overrides/05-mobile-phones.css
.premium-modal-shell .premium-form-section,6,2,runtime-override,"Modals, Products",9,styles/runtime-overrides/07a-products-modal-precision-cleanup.css | styles/runtime-overrides/07b-products-modal-responsive-polish.css
#telegram-settings-form .telegram-studio-mini-card,6,5,runtime-override,"Telegram | Telegram, Filters",9,styles/runtime-overrides/09c-telegram-template-center-cards.css | styles/runtime-overrides/09d1-telegram-studio-filter-controls.css | styles/runtime-overrides/09d4-telegram-studio-cleanup-mini-cards.css | styles/runtime-overrides/09d5-telegram-lower-stat-cards.css | styles/runtime-overrides/09d6-telegram-lower-mini-cards-search.css
#telegram-settings-form .telegram-studio-filter-row,6,3,runtime-override,"Telegram | Telegram, Filters",9,styles/runtime-overrides/09c-telegram-template-center-cards.css | styles/runtime-overrides/09d1-telegram-studio-filter-controls.css | styles/runtime-overrides/09d2-telegram-studio-search-empty-states.css
.report-date-presets,5,2,page-domain | runtime-override,"People, Forms/Inputs | Reports",9,styles/pages/reports.css | styles/runtime-overrides/01b-people-foundation-after-fields.css
.report-date-presets__chips,5,2,page-domain | runtime-override,"People, Forms/Inputs | Reports",9,styles/pages/reports.css | styles/runtime-overrides/01b-people-foundation-after-fields.css
#telegram-settings-form .tg-apple-check-row,5,3,page-domain | runtime-override,"Telegram | Telegram, Settings",9,styles/pages/telegram.css | styles/runtime-overrides/09a-telegram-settings-foundation.css | styles/runtime-overrides/09b-telegram-control-center-monitoring.css
"#telegram-settings-form .telegram-monitor-v2-action__copy, #telegram-settings-form .telegram-monitor-v2-checkcard__copy",5,2,runtime-override,Telegram,9,styles/runtime-overrides/09b-telegram-control-center-monitoring.css | styles/runtime-overrides/09c-telegram-template-center-cards.css
#telegram-settings-form .telegram-monitor-v2-action__top,5,5,runtime-override,"Telegram | Telegram, Filters",9,styles/runtime-overrides/09c-telegram-template-center-cards.css | styles/runtime-overrides/09d1-telegram-studio-filter-controls.css | styles/runtime-overrides/09d3-telegram-monitor-title-value-layout.css | styles/runtime-overrides/09d7-telegram-monitor-card-standard.css | styles/runtime-overrides/09d8-telegram-monitor-size-placement-contract.css
#telegram-settings-form .telegram-template-status-grid,5,2,runtime-override,Telegram,9,styles/runtime-overrides/09c-telegram-template-center-cards.css | styles/runtime-overrides/09d5-telegram-lower-stat-cards.css
".phone-identity-block--edit .phone-identity-block__grid, .phone-finance-block--edit .phone-finance-block__grid, .phone-operations-block--edit .phone-operations-block__grid",3,3,component-shared | legacy-split | runtime-override,Forms/Inputs | Mobile Phones,9,styles/components/unified-fields.css | styles/legacy/10e-legacy-installment-combobox-phone-edit-vertical.css | styles/runtime-overrides/10a-installments-phone-edit-overrides.css
".phone-identity-block--edit .phone-identity-block__grid > *, .phone-finance-block--edit .phone-finance-block__grid > *, .phone-operations-block--edit .phone-operations-block__grid > *",3,3,component-shared | legacy-split | runtime-override,Forms/Inputs | Mobile Phones,9,styles/components/unified-fields.css | styles/legacy/10e-legacy-installment-combobox-phone-edit-vertical.css | styles/runtime-overrides/10a-installments-phone-edit-overrides.css
.phone-edit-vertical-form,3,3,component-shared | legacy-split | runtime-override,Forms/Inputs | Mobile Phones,9,styles/components/unified-fields.css | styles/legacy/10e-legacy-installment-combobox-phone-edit-vertical.css | styles/runtime-overrides/10a-installments-phone-edit-overrides.css
.phone-edit-horizontal-form .phone-operations-block--edit .phone-operations-block__grid,3,3,component-shared | legacy-split | runtime-override,"Forms/Inputs | Mobile Phones | Mobile Phones, Modals",9,styles/components/unified-fields.css | styles/legacy/10f-legacy-phone-edit-horizontal-modal.css | styles/runtime-overrides/10a-installments-phone-edit-overrides.css
".phone-edit-horizontal-form .phone-identity-block--edit .phone-identity-block__grid > *, .phone-edit-horizontal-form .phone-finance-block--edit .phone-finance-block__grid > *, .phone-edit-horizontal-form .phone-operations-block--edit .phone-operations-block__grid > *",3,3,component-shared | legacy-split | runtime-override,"Forms/Inputs | Mobile Phones | Mobile Phones, Modals",9,styles/components/unified-fields.css | styles/legacy/10f-legacy-phone-edit-horizontal-modal.css | styles/runtime-overrides/10a-installments-phone-edit-overrides.css
".phone-edit-horizontal-form .phone-identity-block--edit .phone-identity-block__field--model, .phone-edit-horizontal-form .phone-identity-block--edit .phone-identity-block__field--imei, .phone-edit-horizontal-form .phone-finance-block--edit .phone-finance-block__field--supplier, .phone-edit-horizontal-form .phone-finance-block--edit .phone-finance-block__field--status",3,3,component-shared | legacy-split | runtime-override,"Forms/Inputs | Mobile Phones | Mobile Phones, Modals",9,styles/components/unified-fields.css | styles/legacy/10f-legacy-phone-edit-horizontal-modal.css | styles/runtime-overrides/10a-installments-phone-edit-overrides.css
.phone-edit-horizontal-form .phone-operations-block--edit .phone-operations-block__field--notes,3,3,component-shared | legacy-split | runtime-override,"Forms/Inputs | Mobile Phones | Mobile Phones, Modals",9,styles/components/unified-fields.css | styles/legacy/10f-legacy-phone-edit-horizontal-modal.css | styles/runtime-overrides/10a-installments-phone-edit-overrides.css
".phone-edit-horizontal-form .phone-identity-block--edit .phone-identity-block__grid > *, .phone-edit-horizontal-form .phone-finance-block--edit .phone-finance-block__grid > *",3,3,component-shared | legacy-split | runtime-override,"Forms/Inputs | Mobile Phones | Mobile Phones, Modals",9,styles/components/unified-fields.css | styles/legacy/10f-legacy-phone-edit-horizontal-modal.css | styles/runtime-overrides/10a-installments-phone-edit-overrides.css
to,8,6,component-shared | legacy-split | page-domain,Buttons | General/System | Reports | Toasts,8,styles/components/unified-buttons.css | styles/legacy/01-legacy-app-base-and-loaders.css | styles/legacy/02g-legacy-ux-button-core-loading.css | styles/legacy/03a-legacy-action-primitives-buttons.css | styles/legacy/10c-legacy-smart-toast-progress.css | styles/pages/reports.css
".ux-nav-compact li > button > div, .ux-nav-compact li > a > div",5,4,layout-system | legacy-split | page-domain,Customers | Sidebar | Telegram,8,styles/layout/sidebar-chrome.css | styles/legacy/03e-legacy-sidebar-transparent-cleanup.css | styles/pages/customers.css | styles/pages/telegram.css
.phone-card-specs-row,7,1,runtime-override,"Modals, Products",7,styles/runtime-overrides/07b-products-modal-responsive-polish.css
.people-stats-grid,6,3,runtime-override,People,7,styles/runtime-overrides/01a2-people-page-hero-lists.css | styles/runtime-overrides/02e-people-commercial-redesign.css | styles/runtime-overrides/04b-people-list-unification.css
"#telegram-settings-form .tg-apple-setup-card__inner, #telegram-settings-form .telegram-monitor-v2-action",6,1,runtime-override,Telegram,7,styles/runtime-overrides/09d9-telegram-monitor-anchoring-hotfixes.css
.people-top-nav__item,5,3,runtime-override,People,7,styles/runtime-overrides/01a2-people-page-hero-lists.css | styles/runtime-overrides/02e-people-commercial-redesign.css | styles/runtime-overrides/04b-people-list-unification.css
.phone-card-spec-pill,5,1,runtime-override,"Modals, Products",7,styles/runtime-overrides/07b-products-modal-responsive-polish.css
.phone-card-footer,5,1,runtime-override,"Modals, Products",7,styles/runtime-overrides/07b-products-modal-responsive-polish.css
"#telegram-settings-form .tg-apple-setup-card, #telegram-settings-form .telegram-monitor-v2-action",5,1,runtime-override,Telegram,7,styles/runtime-overrides/09d9-telegram-monitor-anchoring-hotfixes.css
.report-filter-grid,4,2,component-shared | runtime-override,"Filters | Reports, Filters",7,styles/components/filters.css | styles/runtime-overrides/06c-reports-consolidation-filters.css
18%,4,3,legacy-split | runtime-override,Buttons | Forms/Inputs,7,styles/legacy/02g-legacy-ux-button-core-loading.css | styles/legacy/04d-legacy-field-attention-page-actions.css | styles/runtime-overrides/06a-enterprise-actions-fields-validation.css
.people-filter-chip,4,4,legacy-split | page-domain | runtime-override,"Partners | People | People, Forms/Inputs",7,styles/legacy/02i-legacy-people-list-controls-fields.css | styles/pages/partners.css | styles/runtime-overrides/01a2-people-page-hero-lists.css | styles/runtime-overrides/01a5-partner-command-detail-refinement.css
.settings-sidebar,4,4,legacy-split | page-domain | runtime-override,"General/System | Settings | Sidebar, Settings",7,styles/legacy/04c-legacy-motion-focus-accessibility.css | styles/pages/settings-overrides.css | styles/pages/settings.css | styles/runtime-overrides/01a3-settings-adaptive-sidebar-cleanup.css
.report-date-presets__label,4,2,page-domain | runtime-override,"People, Forms/Inputs | Reports",7,styles/pages/reports.css | styles/runtime-overrides/01b-people-foundation-after-fields.css
.report-date-preset-chip,4,2,page-domain | runtime-override,"People, Forms/Inputs | Reports",7,styles/pages/reports.css | styles/runtime-overrides/01b-people-foundation-after-fields.css
"[id^=""tg-anchor-""], [id^=""tg-item-""], [id^=""tg-audience-""]",4,2,page-domain | runtime-override,"Telegram | Telegram, Settings",7,styles/pages/telegram.css | styles/runtime-overrides/02b-settings-telegram-compact.css
#telegram-settings-form .tg-apple-check-row__body,4,3,page-domain | runtime-override,"Telegram | Telegram, Settings",7,styles/pages/telegram.css | styles/runtime-overrides/09a-telegram-settings-foundation.css | styles/runtime-overrides/09b-telegram-control-center-monitoring.css
#telegram-settings-form .tg-apple-check-row__icon,4,3,page-domain | runtime-override,"Telegram | Telegram, Settings",7,styles/pages/telegram.css | styles/runtime-overrides/09a-telegram-settings-foundation.css | styles/runtime-overrides/09b-telegram-control-center-monitoring.css
#telegram-settings-form .tg-apple-queue-panel,4,3,page-domain | runtime-override,"Telegram | Telegram, Settings",7,styles/pages/telegram.css | styles/runtime-overrides/09a-telegram-settings-foundation.css | styles/runtime-overrides/09b-telegram-control-center-monitoring.css
.phone-addable-autocomplete,4,3,runtime-override,"Mobile Phones | People, Forms/Inputs | Reports, Settings",7,styles/runtime-overrides/01b-people-foundation-after-fields.css | styles/runtime-overrides/03b-reports-mobile-settings-smoke.css | styles/runtime-overrides/05-mobile-phones.css
.phone-addable-autocomplete:focus-within,4,2,runtime-override,"People, Forms/Inputs | Reports, Settings",7,styles/runtime-overrides/01b-people-foundation-after-fields.css | styles/runtime-overrides/03b-reports-mobile-settings-smoke.css
".phone-inventory-table-v2 th:nth-child(4), .phone-inventory-table-v2 td:nth-child(4)",4,3,runtime-override,"Forms/Inputs | Modals, Products",7,styles/runtime-overrides/06a-enterprise-actions-fields-validation.css | styles/runtime-overrides/07a-products-modal-precision-cleanup.css | styles/runtime-overrides/07b-products-modal-responsive-polish.css
.phone-table-inline-actions,4,3,runtime-override,"General/System | Modals, Products",7,styles/runtime-overrides/06e-accessibility-rtl-targeted-fixes.css | styles/runtime-overrides/07a-products-modal-precision-cleanup.css | styles/runtime-overrides/07b-products-modal-responsive-polish.css
"#telegram-settings-form .telegram-monitor-v2-action, #telegram-settings-form .telegram-monitor-v2-checkcard",4,2,runtime-override,Telegram,7,styles/runtime-overrides/09b-telegram-control-center-monitoring.css | styles/runtime-overrides/09c-telegram-template-center-cards.css
.report-filter-grid--compact,3,2,component-shared | runtime-override,"Filters | Reports, Filters",7,styles/components/filters.css | styles/runtime-overrides/06c-reports-consolidation-filters.css
".ux-btn__content, .ux-btn__label, .ux-btn__label-main",3,3,component-shared | legacy-split | runtime-override,Buttons,7,styles/components/unified-buttons.css | styles/legacy/05c-legacy-unified-button-hardening.css | styles/runtime-overrides/01a7-shared-primitives-button-system.css
.header-search-shell,3,3,component-shared | legacy-split | runtime-override,Forms/Inputs | Header,7,styles/components/unified-fields.css | styles/legacy/03f-legacy-header-search-password-fixes.css | styles/runtime-overrides/10e-header-final-polish.css
.header-search-input,3,3,component-shared | legacy-split | runtime-override,Forms/Inputs | Header,7,styles/components/unified-fields.css | styles/legacy/03f-legacy-header-search-password-fixes.css | styles/runtime-overrides/10e-header-final-polish.css
.ux-btn__label,3,3,legacy-split | runtime-override,"Buttons | People, Forms/Inputs",7,styles/legacy/02g-legacy-ux-button-core-loading.css | styles/legacy/05a-legacy-button-icon-baseline.css | styles/runtime-overrides/01b-people-foundation-after-fields.css
.settings-mobile-tab,3,3,page-domain | runtime-override,"Settings | Sidebar, Settings | Telegram, Settings",7,styles/pages/settings.css | styles/runtime-overrides/01a3-settings-adaptive-sidebar-cleanup.css | styles/runtime-overrides/09a-telegram-settings-foundation.css
#telegram-settings-form .tg-apple-check-row__icon i,3,2,page-domain | runtime-override,Telegram,7,styles/pages/telegram.css | styles/runtime-overrides/09b-telegram-control-center-monitoring.css
#telegram-settings-form .tg-apple-queue-toolbar,3,3,page-domain | runtime-override,"Telegram | Telegram, Settings",7,styles/pages/telegram.css | styles/runtime-overrides/09a-telegram-settings-foundation.css | styles/runtime-overrides/09b-telegram-control-center-monitoring.css
#telegram-settings-form .tg-apple-queue-btn,3,3,page-domain | runtime-override,"Telegram | Telegram, Settings",7,styles/pages/telegram.css | styles/runtime-overrides/09a-telegram-settings-foundation.css | styles/runtime-overrides/09b-telegram-control-center-monitoring.css
".settings-sidebar .settings-tab-item[data-active=""true""], .settings-sidebar button.settings-tab-item[data-active=""true""]",3,3,runtime-override,"People, Forms/Inputs | Sidebar, Dashboard, Settings | Telegram, Settings",7,styles/runtime-overrides/01b-people-foundation-after-fields.css | styles/runtime-overrides/03e-sidebar-settings-dashboard-root-fixes.css | styles/runtime-overrides/09a-telegram-settings-foundation.css
.dark .phone-addable-autocomplete__menu,3,2,runtime-override,"People, Forms/Inputs | Reports, Settings",7,styles/runtime-overrides/01b-people-foundation-after-fields.css | styles/runtime-overrides/03b-reports-mobile-settings-smoke.css
".app-sidebar .ux-sidebar-list .sidebar-nav-row[data-sidebar-active=""true""] > span:last-child",3,3,runtime-override,"Sidebar | Sidebar, Dashboard, Settings | Telegram, Settings",7,styles/runtime-overrides/03e-sidebar-settings-dashboard-root-fixes.css | styles/runtime-overrides/09a-telegram-settings-foundation.css | styles/runtime-overrides/10f-sidebar-final-polish.css
.people-finance-modal__balance,3,2,runtime-override,"People, Modals | People, Tables",7,styles/runtime-overrides/04e-people-finance-transaction-modals.css | styles/runtime-overrides/08d-people-table-detail-contracts.css
.people-ledger-type-card,3,2,runtime-override,"Modals | People, Modals",7,styles/runtime-overrides/04e-people-finance-transaction-modals.css | styles/runtime-overrides/08e-finance-modal-polish.css
".phone-inventory-table-v2 th, .phone-inventory-table-v2 td",3,2,runtime-override,Forms/Inputs | Mobile Phones,7,styles/runtime-overrides/05-mobile-phones.css | styles/runtime-overrides/06a-enterprise-actions-fields-validation.css
.phone-inventory-table-v2 .phone-table-actions-menu,3,2,runtime-override,Forms/Inputs | Mobile Phones,7,styles/runtime-overrides/05-mobile-phones.css | styles/runtime-overrides/06a-enterprise-actions-fields-validation.css
.report-local-filter-pill,3,2,runtime-override,"Navigation | Reports, Filters",7,styles/runtime-overrides/06c-reports-consolidation-filters.css | styles/runtime-overrides/06d-kpi-navigation-density-mobile.css
.phone-table-action-btn i,3,2,runtime-override,"General/System | Modals, Products",7,styles/runtime-overrides/06e-accessibility-rtl-targeted-fixes.css | styles/runtime-overrides/07a-products-modal-precision-cleanup.css
".phone-card-spec-pill__value, .phone-table-spec-pill__value",3,2,runtime-override,"Modals, Products",7,styles/runtime-overrides/07a-products-modal-precision-cleanup.css | styles/runtime-overrides/07b-products-modal-responsive-polish.css
.phone-inventory-table-v2 col:nth-child(2),3,2,runtime-override,"Modals, Products",7,styles/runtime-overrides/07a-products-modal-precision-cleanup.css | styles/runtime-overrides/07b-products-modal-responsive-polish.css
.phone-inventory-table-v2 col:nth-child(3),3,2,runtime-override,"Modals, Products",7,styles/runtime-overrides/07a-products-modal-precision-cleanup.css | styles/runtime-overrides/07b-products-modal-responsive-polish.css
.phone-inventory-table-v2 col:nth-child(4),3,2,runtime-override,"Modals, Products",7,styles/runtime-overrides/07a-products-modal-precision-cleanup.css | styles/runtime-overrides/07b-products-modal-responsive-polish.css
".premium-modal-shell :where(.inventory-premium-input, .inventory-premium-select, .modal-control-premium)",3,2,runtime-override,"Modals, Products",7,styles/runtime-overrides/07a-products-modal-precision-cleanup.css | styles/runtime-overrides/07b-products-modal-responsive-polish.css
.premium-modal-shell .app-field-feedback,3,2,runtime-override,"Modals, Products",7,styles/runtime-overrides/07a-products-modal-precision-cleanup.css | styles/runtime-overrides/07b-products-modal-responsive-polish.css
.premium-modal-shell .premium-helper-inline,3,2,runtime-override,"Modals, Products",7,styles/runtime-overrides/07a-products-modal-precision-cleanup.css | styles/runtime-overrides/07b-products-modal-responsive-polish.css
"#telegram-settings-form .telegram-monitor-v2-action__top, #telegram-settings-form .telegram-monitor-v2-checkcard__top",3,2,runtime-override,Telegram,7,styles/runtime-overrides/09b-telegram-control-center-monitoring.css | styles/runtime-overrides/09c-telegram-template-center-cards.css
"#telegram-settings-form .telegram-monitor-v2-action__label, #telegram-settings-form .telegram-monitor-v2-checkcard strong",3,2,runtime-override,Telegram,7,styles/runtime-overrides/09b-telegram-control-center-monitoring.css | styles/runtime-overrides/09c-telegram-template-center-cards.css
"#telegram-settings-form .telegram-monitor-v2-action__value, #telegram-settings-form .telegram-monitor-v2-checkcard p",3,2,runtime-override,Telegram,7,styles/runtime-overrides/09b-telegram-control-center-monitoring.css | styles/runtime-overrides/09c-telegram-template-center-cards.css
"#telegram-settings-form .telegram-monitor-v2-action__icon, #telegram-settings-form .telegram-monitor-v2-checkcard__icon",3,2,runtime-override,Telegram,7,styles/runtime-overrides/09b-telegram-control-center-monitoring.css | styles/runtime-overrides/09c-telegram-template-center-cards.css
#telegram-settings-form .telegram-studio-unified-panel,3,2,runtime-override,"Telegram | Telegram, Filters",7,styles/runtime-overrides/09c-telegram-template-center-cards.css | styles/runtime-overrides/09d1-telegram-studio-filter-controls.css
#telegram-settings-form .telegram-studio-unified-hero,3,2,runtime-override,"Telegram | Telegram, Filters",7,styles/runtime-overrides/09c-telegram-template-center-cards.css | styles/runtime-overrides/09d1-telegram-studio-filter-controls.css
#telegram-settings-form .telegram-studio-mode-button,3,2,runtime-override,"Telegram | Telegram, Filters",7,styles/runtime-overrides/09c-telegram-template-center-cards.css | styles/runtime-overrides/09d1-telegram-studio-filter-controls.css
#telegram-settings-form .telegram-studio-toolbar,3,2,runtime-override,"Telegram | Telegram, Filters",7,styles/runtime-overrides/09c-telegram-template-center-cards.css | styles/runtime-overrides/09d1-telegram-studio-filter-controls.css
#telegram-settings-form .telegram-studio-mini-card__top,3,3,runtime-override,Telegram,7,styles/runtime-overrides/09d4-telegram-studio-cleanup-mini-cards.css | styles/runtime-overrides/09d5-telegram-lower-stat-cards.css | styles/runtime-overrides/09d6-telegram-lower-mini-cards-search.css
#telegram-settings-form .telegram-studio-mini-card__icon,3,3,runtime-override,Telegram,7,styles/runtime-overrides/09d4-telegram-studio-cleanup-mini-cards.css | styles/runtime-overrides/09d5-telegram-lower-stat-cards.css | styles/runtime-overrides/09d6-telegram-lower-mini-cards-search.css
#telegram-settings-form .telegram-studio-mini-card__meta,3,3,runtime-override,Telegram,7,styles/runtime-overrides/09d4-telegram-studio-cleanup-mini-cards.css | styles/runtime-overrides/09d5-telegram-lower-stat-cards.css | styles/runtime-overrides/09d6-telegram-lower-mini-cards-search.css
#telegram-settings-form .telegram-studio-mini-card__value,3,3,runtime-override,Telegram,7,styles/runtime-overrides/09d4-telegram-studio-cleanup-mini-cards.css | styles/runtime-overrides/09d5-telegram-lower-stat-cards.css | styles/runtime-overrides/09d6-telegram-lower-mini-cards-search.css
#telegram-settings-form .telegram-studio-mini-card__desc,3,3,runtime-override,Telegram,7,styles/runtime-overrides/09d4-telegram-studio-cleanup-mini-cards.css | styles/runtime-overrides/09d5-telegram-lower-stat-cards.css | styles/runtime-overrides/09d6-telegram-lower-mini-cards-search.css
.dark #telegram-settings-form .telegram-monitor-v2-action__value,3,2,runtime-override,Telegram,7,styles/runtime-overrides/09d7-telegram-monitor-card-standard.css | styles/runtime-overrides/09d8-telegram-monitor-size-placement-contract.css
50%,8,3,core-foundation | legacy-split,General/System,6,styles/core/animations.css | styles/core/utilities.css | styles/legacy/01-legacy-app-base-and-loaders.css
.ux-btn__label-main,5,5,component-shared | legacy-split,Buttons,6,styles/components/unified-buttons.css | styles/legacy/02g-legacy-ux-button-core-loading.css | styles/legacy/05a-legacy-button-icon-baseline.css | styles/legacy/05c-legacy-unified-button-hardening.css | styles/legacy/07b-legacy-premium-button-unification.css
.report-page,4,2,legacy-split | page-domain,"Reports | Reports, Tables",6,styles/legacy/02a-legacy-reports-kpi-table-foundation.css | styles/pages/reports.css
from,4,3,legacy-split | page-domain,Buttons | Reports | Toasts,6,styles/legacy/02g-legacy-ux-button-core-loading.css | styles/legacy/10c-legacy-smart-toast-progress.css | styles/pages/reports.css
.telegram-link-modal__hero-icon,4,2,legacy-split,"Telegram, Modals",6,styles/legacy/02o-legacy-telegram-link-modal.css | styles/legacy/10d-legacy-telegram-modal-stability-lux.css
".ux-btn__icon, .ux-btn__spinner, .ux-btn--native[data-ux-icon-glyph]::before",4,4,legacy-split,"Buttons | Reports, Sales/Cart, Buttons, Filters",6,styles/legacy/05a-legacy-button-icon-baseline.css | styles/legacy/05c-legacy-unified-button-hardening.css | styles/legacy/05d-legacy-report-filter-sales-mobile-buttons.css | styles/legacy/07b-legacy-premium-button-unification.css
.report-filter-field,3,3,component-shared | legacy-split | page-domain,"Filters | Reports | Reports, Filters",6,styles/components/filters.css | styles/legacy/02j-legacy-report-toolbar-filters.css | styles/pages/reports.css
.modal-close-btn,3,3,component-shared | legacy-split,General/System | Modals,6,styles/components/forms.css | styles/components/modals.css | styles/legacy/02b-legacy-premium-modal-base.css
.premium-drawer-panel,3,2,component-shared | legacy-split,General/System | Modals,6,styles/components/modals.css | styles/legacy/02c-legacy-detail-drawer-primitives.css
.ux-filter-chip-bar,3,2,component-shared | legacy-split,"General/System | Reports, Filters",6,styles/components/toolbars.css | styles/legacy/02j-legacy-report-toolbar-filters.css
.ux-filter-chip,3,2,component-shared | legacy-split,"General/System | Reports, Filters",6,styles/components/toolbars.css | styles/legacy/02j-legacy-report-toolbar-filters.css
.ux-filter-chip__icon,3,3,component-shared | legacy-split,"Forms/Inputs, Repairs | General/System | Reports, Filters",6,styles/components/toolbars.css | styles/legacy/02j-legacy-report-toolbar-filters.css | styles/legacy/04a-legacy-repairs-saved-views-inputs.css
.ux-nav-compact .icon-bubble,3,3,layout-system | legacy-split | page-domain,Sidebar | Telegram,6,styles/layout/sidebar-chrome.css | styles/legacy/03e-legacy-sidebar-transparent-cleanup.css | styles/pages/telegram.css
.ux-report-tools__row,3,2,legacy-split | page-domain,"Reports | Reports, Filters",6,styles/legacy/02j-legacy-report-toolbar-filters.css | styles/pages/reports.css
.ux-quick-link,3,3,legacy-split,General/System | Sales/Cart | Tables,6,styles/legacy/02l-legacy-wizard-table-quicklinks-installments.css | styles/legacy/05b-legacy-quick-link-cards.css | styles/legacy/06a-legacy-sales-flow-visual-pass.css
.ux-quick-link__icon,3,3,legacy-split,General/System | Sales/Cart | Tables,6,styles/legacy/02l-legacy-wizard-table-quicklinks-installments.css | styles/legacy/05b-legacy-quick-link-cards.css | styles/legacy/06a-legacy-sales-flow-visual-pass.css
.telegram-link-modal__action-grid,3,2,legacy-split,"Telegram, Modals",6,styles/legacy/02o-legacy-telegram-link-modal.css | styles/legacy/10d-legacy-telegram-modal-stability-lux.css
.reports-local-export-note,5,1,runtime-override,Navigation,5,styles/runtime-overrides/06d-kpi-navigation-density-mobile.css
".people-filter-chip, .partners-filter-chip",4,4,runtime-override,"Filters | People | People, Header, Repairs, Filters",5,styles/runtime-overrides/01a4-people-detail-repair-header-filters.css | styles/runtime-overrides/01a6-detail-kpi-filter-icon-system.css | styles/runtime-overrides/02e-people-commercial-redesign.css | styles/runtime-overrides/04b-people-list-unification.css
"html.dark .app-sidebar .ux-sidebar-list .sidebar-nav-row[data-sidebar-active=""true""]",4,2,runtime-override,"Sidebar | Sidebar, Dashboard, Settings",5,styles/runtime-overrides/03e-sidebar-settings-dashboard-root-fixes.css | styles/runtime-overrides/10f-sidebar-final-polish.css
.phone-register-submitbar,4,1,runtime-override,Mobile Phones,5,styles/runtime-overrides/05-mobile-phones.css
.settings-data-panel .backup-file-card__actions,4,2,runtime-override,Forms/Inputs | Navigation,5,styles/runtime-overrides/06a-enterprise-actions-fields-validation.css | styles/runtime-overrides/06d-kpi-navigation-density-mobile.css
.phone-card-surface,4,1,runtime-override,"Modals, Products",5,styles/runtime-overrides/07b-products-modal-responsive-polish.css
.phone-card-actions,4,1,runtime-override,"Modals, Products",5,styles/runtime-overrides/07b-products-modal-responsive-polish.css
.message-composer-channel.apple-choice-toggle,4,2,runtime-override,"General/System | People, Tables",5,styles/runtime-overrides/08b-message-composer-controls.css | styles/runtime-overrides/08d-people-table-detail-contracts.css
.detail-severity-badge,3,2,component-shared | runtime-override,General/System,5,styles/components/badges.css | styles/runtime-overrides/06e-accessibility-rtl-targeted-fixes.css
.dark,3,2,component-shared | runtime-override,Forms/Inputs | General/System,5,styles/components/unified-fields.css | styles/runtime-overrides/03a-global-commercial-qa.css
.partners-table-shell,3,2,page-domain | runtime-override,"Partners | People, Tables",5,styles/pages/partners.css | styles/runtime-overrides/08d-people-table-detail-contracts.css
".people-action-btn-spacious, .partners-action-btn--spacious",3,2,runtime-override,"Partners | People, Tables",5,styles/runtime-overrides/01a1-people-table-action-baseline.css | styles/runtime-overrides/01a5-partner-command-detail-refinement.css
".people-action-btn, .partners-action-btn",3,2,runtime-override,"People | People, Tables",5,styles/runtime-overrides/01a1-people-table-action-baseline.css | styles/runtime-overrides/01a2-people-page-hero-lists.css
.people-page-shell,3,2,runtime-override,People,5,styles/runtime-overrides/01a2-people-page-hero-lists.css | styles/runtime-overrides/04b-people-list-unification.css
".people-stat-card, .partners-stat-card",3,2,runtime-override,People,5,styles/runtime-overrides/01a2-people-page-hero-lists.css | styles/runtime-overrides/04b-people-list-unification.css
.settings-sidebar .settings-tab-icon,3,2,runtime-override,"People, Forms/Inputs | Sidebar, Settings",5,styles/runtime-overrides/01a3-settings-adaptive-sidebar-cleanup.css | styles/runtime-overrides/01b-people-foundation-after-fields.css
.ledger-actions-row,3,2,runtime-override,Partners | Tables,5,styles/runtime-overrides/01a5-partner-command-detail-refinement.css | styles/runtime-overrides/10b-finance-tables-density-system.css
".app-sidebar .ux-sidebar-list .sidebar-nav-row[data-sidebar-active=""true""]",3,2,runtime-override,"Sidebar | Sidebar, Dashboard, Settings",5,styles/runtime-overrides/03e-sidebar-settings-dashboard-root-fixes.css | styles/runtime-overrides/10f-sidebar-final-polish.css
.app-sidebar,3,3,runtime-override,"General/System | Sidebar | Sidebar, Dashboard, Settings",5,styles/runtime-overrides/03e-sidebar-settings-dashboard-root-fixes.css | styles/runtime-overrides/10f-sidebar-final-polish.css | styles/runtime-overrides/10g-layout-shell-final-qa.css
.phone-list-apple-head,3,1,runtime-override,Mobile Phones,5,styles/runtime-overrides/05-mobile-phones.css
.phone-register-submitbar > div:last-child,3,1,runtime-override,Mobile Phones,5,styles/runtime-overrides/05-mobile-phones.css
.report-kpi-definition-note__grid,3,1,runtime-override,"Reports, Filters",5,styles/runtime-overrides/06c-reports-consolidation-filters.css
.phone-card-surface > .p-3\.5,3,1,runtime-override,"Modals, Products",5,styles/runtime-overrides/07b-products-modal-responsive-polish.css
.phone-card-actions .ux-btn:not(.w-9),3,1,runtime-override,"Modals, Products",5,styles/runtime-overrides/07b-products-modal-responsive-polish.css
".partners-table-shell th:nth-child(1), .partners-table-shell td:nth-child(1)",3,2,runtime-override,"General/System | People, Tables",5,styles/runtime-overrides/07f-cross-module-density-pass.css | styles/runtime-overrides/08d-people-table-detail-contracts.css
".partners-table-shell th:nth-child(2), .partners-table-shell td:nth-child(2)",3,2,runtime-override,"General/System | People, Tables",5,styles/runtime-overrides/07f-cross-module-density-pass.css | styles/runtime-overrides/08d-people-table-detail-contracts.css
".partners-table-shell th:nth-child(3), .partners-table-shell td:nth-child(3)",3,2,runtime-override,"General/System | People, Tables",5,styles/runtime-overrides/07f-cross-module-density-pass.css | styles/runtime-overrides/08d-people-table-detail-contracts.css
".partners-table-shell th:nth-child(4), .partners-table-shell td:nth-child(4)",3,2,runtime-override,"General/System | People, Tables",5,styles/runtime-overrides/07f-cross-module-density-pass.css | styles/runtime-overrides/08d-people-table-detail-contracts.css
".partners-table-shell th:nth-child(5), .partners-table-shell td:nth-child(5)",3,2,runtime-override,"General/System | People, Tables",5,styles/runtime-overrides/07f-cross-module-density-pass.css | styles/runtime-overrides/08d-people-table-detail-contracts.css
#telegram-settings-form .telegram-monitor-section-v2,3,1,runtime-override,Telegram,5,styles/runtime-overrides/09b-telegram-control-center-monitoring.css
"#telegram-settings-form .telegram-monitor-v2-action__state, #telegram-settings-form .telegram-monitor-v2-checkcard__cta, #telegram-settings-form .telegram-monitor-v2-checkcard__chip",3,1,runtime-override,Telegram,5,styles/runtime-overrides/09c-telegram-template-center-cards.css
"#telegram-settings-form .tg-apple-setup-card__icon, #telegram-settings-form .telegram-monitor-v2-action__icon",3,1,runtime-override,Telegram,5,styles/runtime-overrides/09d9-telegram-monitor-anchoring-hotfixes.css
"#telegram-settings-form .tg-apple-setup-card__status, #telegram-settings-form .telegram-monitor-v2-action__state",3,1,runtime-override,Telegram,5,styles/runtime-overrides/09d9-telegram-monitor-anchoring-hotfixes.css
"#telegram-settings-form .tg-apple-setup-card__hint, #telegram-settings-form .telegram-monitor-v2-action__value",3,1,runtime-override,Telegram,5,styles/runtime-overrides/09d9-telegram-monitor-anchoring-hotfixes.css
#telegram-settings-form .telegram-accordion-panel__header .ux-btn__content,3,1,runtime-override,"Telegram, Modals",5,styles/runtime-overrides/09e-telegram-accordion-logs-modals.css
#telegram-settings-form .telegram-accordion-header__metrics,3,1,runtime-override,"Telegram, Modals",5,styles/runtime-overrides/09e-telegram-accordion-logs-modals.css
#telegram-settings-form .telegram-accordion-panel__header .ux-btn__label-main,3,1,runtime-override,"Telegram, Modals",5,styles/runtime-overrides/09e-telegram-accordion-logs-modals.css
.header-premium-shell,3,2,runtime-override,General/System | Header,5,styles/runtime-overrides/10e-header-final-polish.css | styles/runtime-overrides/10g-layout-shell-final-qa.css
.premium-empty-state-card,4,2,component-shared | legacy-split,General/System | Inventory,4,styles/components/empty-states.css | styles/legacy/03d-legacy-premium-tabs-inventory-detail.css
.dark .customers-hero-mini,4,4,legacy-split | page-domain,Customers | General/System,4,styles/legacy/02c-legacy-detail-drawer-primitives.css | styles/legacy/02n-legacy-customers-hero-toolbar.css | styles/pages/customers-shell.css | styles/pages/customers.css
.premium-empty-state-card__icon,3,2,component-shared | legacy-split,General/System | Inventory,4,styles/components/empty-states.css | styles/legacy/03d-legacy-premium-tabs-inventory-detail.css
.premium-empty-state-card__title,3,2,component-shared | legacy-split,General/System | Inventory,4,styles/components/empty-states.css | styles/legacy/03d-legacy-premium-tabs-inventory-detail.css
.premium-empty-state-card__description,3,2,component-shared | legacy-split,General/System | Inventory,4,styles/components/empty-states.css | styles/legacy/03d-legacy-premium-tabs-inventory-detail.css
table:not(.unstyled-table) thead th,3,3,component-shared | legacy-split,General/System | Tables,4,styles/components/tables.css | styles/components/toolbars.css | styles/legacy/02l-legacy-wizard-table-quicklinks-installments.css
.app-toast,3,2,component-shared | legacy-split,Toasts,4,styles/components/toasts.css | styles/legacy/02k-legacy-cards-toasts-feedback-loading.css
.app-inline-alert,3,2,component-shared | legacy-split,Toasts,4,styles/components/toasts.css | styles/legacy/02k-legacy-cards-toasts-feedback-loading.css
.app-inline-alert__row,3,2,component-shared | legacy-split,Toasts,4,styles/components/toasts.css | styles/legacy/02k-legacy-cards-toasts-feedback-loading.css
.app-inline-alert__icon,3,2,component-shared | legacy-split,Toasts,4,styles/components/toasts.css | styles/legacy/02k-legacy-cards-toasts-feedback-loading.css
.people-table-shell,3,3,component-shared | legacy-split,"Buttons | General/System | People, Forms/Inputs",4,styles/components/toolbars.css | styles/legacy/02i-legacy-people-list-controls-fields.css | styles/legacy/03a-legacy-action-primitives-buttons.css
.ux-nav-compact,3,3,layout-system | legacy-split | page-domain,Customers | Sidebar,4,styles/layout/sidebar-chrome.css | styles/legacy/03e-legacy-sidebar-transparent-cleanup.css | styles/pages/customers.css
".ux-nav-compact li > button:hover > div, .ux-nav-compact li > a:hover > div, html.dark .ux-nav-compact li > button:hover > div, html.dark .ux-nav-compact li > a:hover > div",3,3,layout-system | legacy-split,Header | Sidebar,4,styles/layout/sidebar-chrome.css | styles/legacy/03e-legacy-sidebar-transparent-cleanup.css | styles/legacy/03f-legacy-header-search-password-fixes.css
.premium-tab-header,3,3,layout-system | legacy-split | page-domain,Customers | Inventory | Sidebar,4,styles/layout/sidebar-chrome.css | styles/legacy/03d-legacy-premium-tabs-inventory-detail.css | styles/pages/customers.css
.page-shell-actions,3,2,legacy-split,Forms/Inputs | General/System,4,styles/legacy/02f-legacy-page-shell-modern.css | styles/legacy/04d-legacy-field-attention-page-actions.css
.people-primary-btn,3,3,legacy-split | page-domain,"Buttons | Partners | People, Forms/Inputs",4,styles/legacy/02i-legacy-people-list-controls-fields.css | styles/legacy/03a-legacy-action-primitives-buttons.css | styles/pages/partners.css
.customers-hero-panel,3,3,legacy-split | page-domain,Customers,4,styles/legacy/02n-legacy-customers-hero-toolbar.css | styles/pages/customers-shell.css | styles/pages/customers.css
.customers-hero-title,3,3,legacy-split | page-domain,Customers,4,styles/legacy/02n-legacy-customers-hero-toolbar.css | styles/pages/customers-shell.css | styles/pages/customers.css
.people-customers-shell .customers-toolbar__inline-strip,4,1,runtime-override,"Partners, Customers, Header",3,styles/runtime-overrides/08c-customers-partners-headers.css
".partners-table-shell th, .partners-table-shell td",4,1,runtime-override,"People, Tables",3,styles/runtime-overrides/08d-people-table-detail-contracts.css
.partners-kpi-board,3,1,runtime-override,Partners,3,styles/runtime-overrides/01a5-partner-command-detail-refinement.css
.people-zero-state__hero,3,1,runtime-override,People,3,styles/runtime-overrides/04a-people-empty-states.css
.people-zero-state__actions,3,1,runtime-override,People,3,styles/runtime-overrides/04a-people-empty-states.css
".people-detail-apple :where(.customer-detail-actions, .partner-detail-actions)",3,1,runtime-override,People,3,styles/runtime-overrides/04c-people-detail-pages.css
.dashboard-kpi-surface-note,3,1,runtime-override,Navigation,3,styles/runtime-overrides/06d-kpi-navigation-density-mobile.css
.settings-data-panel .backup-file-action,3,1,runtime-override,Navigation,3,styles/runtime-overrides/06d-kpi-navigation-density-mobile.css
"#products-print-area .product-list-table th:nth-child(1), #products-print-area .product-list-table td:nth-child(1)",3,1,runtime-override,"Products, Tables",3,styles/runtime-overrides/07e-product-list-table-density.css
".people-table-shell td:last-child .people-action-btn, .partners-table-shell td:last-child .partners-action-btn",3,1,runtime-override,Tables,3,styles/runtime-overrides/08a-unified-table-actions.css
.people-customers-shell .customers-hero-quickstats,3,1,runtime-override,"Partners, Customers, Header",3,styles/runtime-overrides/08c-customers-partners-headers.css
.partners-table-shell .partner-col-balance,3,1,runtime-override,"People, Tables",3,styles/runtime-overrides/08d-people-table-detail-contracts.css
.partners-table-shell .partner-col-actions,3,1,runtime-override,"People, Tables",3,styles/runtime-overrides/08d-people-table-detail-contracts.css
":where(.detail-card, .partner-settlement-desk, .installment-page, .invoices-page, .customer-detail-page, .partner-detail-page) :where(.finance-table-action, .people-table-action, .installment-table-action, .invoice-table-action)",3,1,runtime-override,Tables,3,styles/runtime-overrides/10b-finance-tables-density-system.css
.report-page :where(table),4,1,page-domain,Reports,2,styles/pages/reports.css
.report-page :where(thead th),4,1,page-domain,Reports,2,styles/pages/reports.css
.report-page :where(tbody td),4,1,page-domain,Reports,2,styles/pages/reports.css
#telegram-settings-form .telegram-chatid-picker__btn,4,1,page-domain,Telegram,2,styles/pages/telegram.css
#telegram-settings-form .telegram-chatid-guide__head,4,1,page-domain,Telegram,2,styles/pages/telegram.css
".modal-body-premium, .premium-drawer-panel__body",3,1,component-shared,Modals,2,styles/components/modals.css
".modal-premium-header, .premium-drawer-panel__header",3,1,component-shared,Modals,2,styles/components/modals.css
.report-page :where(tbody tr:hover),3,1,page-domain,Reports,2,styles/pages/reports.css
#telegram-settings-form .telegram-chatid-picker,3,1,page-domain,Telegram,2,styles/pages/telegram.css
#telegram-settings-form .telegram-chatid-guide,3,1,page-domain,Telegram,2,styles/pages/telegram.css
#telegram-settings-form .telegram-chatid-guide__steps,3,1,page-domain,Telegram,2,styles/pages/telegram.css
.report-filter-inline-actions,4,1,component-shared,Filters,0,styles/components/filters.css
.report-header-controls,3,1,component-shared,Filters,0,styles/components/filters.css
.report-filter-inline-actions > *,3,1,component-shared,Filters,0,styles/components/filters.css
.partners-shell,3,1,page-domain,Partners,0,styles/pages/partners.css
.partners-hero,3,1,page-domain,Partners,0,styles/pages/partners.css
.partners-stats-grid,3,1,page-domain,Partners,0,styles/pages/partners.css
